{
    "id": "fvtt_mosh_1e_terminal",
    "title": "Mothership 1e Compendium - TERMINAL",
    "description": "A compendium covering content not in the official books",
    "version": "0.1.5",
    "compatibility": {
      "minimum": "11",
      "verified": "13"
    },
    "authors": [
      {
        "name": "hollowphoton",
        "url": "https://github.com/hollowphoton"
      }
    ],
    "packs": [
      {
        "label": "Pet Skills (1e)",
        "type": "Item",
        "name": "items_pet_skills_1e",
        "path": "packs/items_pet_skills_1e.db"
      },
      {
        "label": "Equipment (1e)",
        "type": "Item",
        "name": "items_equipment_1e",
        "path": "packs/items_equipment_1e.db"
      }
    ],
    "relationships": {
      "systems": [
        {
          "id": "mosh",
          "type": "system",
          "manifest": "https://raw.githubusercontent.com/Futil/foundry-mothership/master/system.json",
          "compatibility": {
            "minimum": "0.5.25",
            "verified": "0.6.0"
          }
        }
      ]
    },
    "url": "https://github.com/hollowphoton/fvtt_mosh_1e_terminal",
    "manifest": "https://github.com/hollowphoton/fvtt_mosh_1e_terminal/releases/latest/download/module.json",
    "download": "https://github.com/hollowphoton/fvtt_mosh_1e_terminal/releases/download/0.1.5/fvtt_mosh_1e_terminal.zip"
  }